num_amino,x,y,z
1.0,,,
2.0,27.638,10.125,52.516
3.0,24.141,10.191,51.036
4.0,24.297,11.798,47.605
5.0,27.821,10.598,46.726
6.0,26.479,7.41,45.15
7.0,23.954,9.456,43.089
8.0,26.74,11.132,41.159
9.0,28.704,8.122,40.175
10.0,27.689,8.458,36.507
11.0,26.209,10.863,33.971
12.0,23.08,12.561,35.433
13.0,20.493,14.382,33.265
14.0,19.893,17.991,34.266
15.0,16.811,20.136,33.955
16.0,16.964,23.905,34.479
17.0,13.904,26.144,34.87
18.0,14.116,29.914,35.401
19.0,11.476,32.577,35.94
20.0,12.784,36.101,35.908
21.0,11.908,39.737,36.112
22.0,14.524,42.388,35.542
23.0,13.319,45.993,35.908
24.0,9.831,44.919,34.848
25.0,11.042,42.84,31.877
26.0,9.675,39.355,32.446
27.0,11.164,36.236,30.978
28.0,11.492,32.479,31.186
29.0,14.361,30.093,30.435
30.0,14.535,26.351,30.011
31.0,17.718,24.321,29.977
32.0,18.622,20.67,29.57
33.0,21.86,18.687,29.518
34.0,23.971,16.45,31.621
35.0,26.611,16.502,34.315
36.0,29.367,14.061,35.221
37.0,30.818,14.846,38.582
38.0,33.581,12.28,37.943
39.0,35.21,14.837,35.675
40.0,33.474,17.879,37.266
41.0,31.954,18.335,33.842
42.0,28.643,20.064,32.794
43.0,27.103,20.275,29.282
44.0,23.944,22.409,28.847
45.0,21.752,24.224,26.358
46.0,19.463,27.048,27.451
47.0,16.588,28.453,25.479
48.0,14.681,31.635,26.17
49.0,11.101,30.458,26.042
50.0,9.416,33.81,26.283
51.0,11.394,35.059,23.239
52.0,14.416,37.46,23.416
53.0,16.439,37.43,26.596
54.0,16.324,40.962,28.092
55.0,19.746,40.716,29.711
56.0,22.911,39.258,28.447
57.0,23.354,35.458,28.595
58.0,26.629,35.616,30.503
59.0,24.976,37.366,33.357
60.0,22.899,34.248,34.073
61.0,25.656,31.587,34.094
62.0,26.178,31.421,37.808
63.0,22.457,31.212,38.388
64.0,21.895,28.371,35.995
65.0,,,
66.0,25.011,26.478,37.078
67.0,,,
68.0,24.396,23.004,40.299
69.0,27.465,22.764,42.394
70.0,26.862,19.171,43.287
71.0,28.525,18.419,39.883
72.0,31.889,19.715,41.075
73.0,34.695,17.212,41.117
74.0,35.861,16.659,44.69
75.0,39.213,14.94,44.995
76.0,39.269,11.77,47.062
77.0,40.978,13.418,49.877
78.0,38.412,16.14,50.026
79.0,35.216,14.061,49.853
80.0,34.365,14.874,53.434
81.0,33.903,18.547,52.499
82.0,31.358,18.011,49.769
83.0,28.22,19.634,51.201
84.0,26.515,19.693,47.809
85.0,26.294,15.985,47.283
86.0,25.61,15.267,50.998
87.0,22.333,17.138,50.762
88.0,21.007,14.796,48.035
89.0,18.552,13.475,47.008
90.0,16.348,15.838,49.157
91.0,18.394,18.769,47.906
92.0,19.143,22.266,48.994
93.0,18.025,25.822,48.778
94.0,20.48,28.195,47.227
95.0,19.974,31.899,47.643
96.0,21.978,34.783,46.342
97.0,22.368,38.424,45.935
98.0,24.486,39.526,42.977
99.0,25.719,43.098,42.896
100.0,26.679,44.522,39.554
101.0,29.27,47.179,40.085
102.0,27.805,50.618,39.368
103.0,24.602,48.949,38.233
104.0,21.598,46.9,39.498
105.0,21.425,43.703,41.51
106.0,19.966,40.219,41.156
107.0,18.194,38.349,43.897
108.0,17.774,34.658,43.352
109.0,16.212,31.751,45.048
110.0,16.377,28.207,43.87
111.0,15.741,24.655,44.823
112.0,18.063,21.978,43.631
113.0,17.175,18.421,44.045
114.0,16.325,15.175,42.317
115.0,12.978,14.473,40.642
116.0,13.225,10.861,39.869
117.0,16.572,10.462,38.233
118.0,16.889,13.981,36.91
119.0,18.679,16.706,38.759
120.0,16.466,19.797,38.859
121.0,17.424,23.405,39.4
122.0,14.348,25.61,39.825
123.0,15.03,29.34,40.095
124.0,13.189,32.572,40.7
125.0,15.092,35.654,39.767
126.0,14.391,39.26,40.579
127.0,16.551,42.151,39.121
128.0,16.282,45.787,40.243
129.0,17.861,49.124,39.882
130.0,19.433,48.459,36.563
131.0,20.477,51.371,34.4
132.0,18.623,51.484,31.189
133.0,21.883,52.442,29.525
134.0,24.349,50.376,31.639
135.0,26.339,47.37,30.563
136.0,23.494,44.924,31.368
137.0,20.394,46.415,29.815
138.0,22.51,48.033,27.187
139.0,23.859,44.655,26.148
140.0,27.569,45.638,26.197
141.0,28.987,42.296,27.559
142.0,31.04,40.059,25.311
143.0,29.837,36.542,24.764
144.0,32.428,34.703,26.689
145.0,33.343,33.765,30.195
146.0,36.415,33.737,32.56
147.0,37.804,31.32,35.266
148.0,37.09,31.998,38.85
149.0,37.626,30.805,42.345
150.0,34.588,30.262,44.552
151.0,35.139,30.44,48.275
152.0,33.255,28.159,50.572
153.0,32.789,28.162,54.269
154.0,30.669,26.389,56.796
155.0,27.669,27.887,58.484
156.0,27.116,25.954,61.654
157.0,24.119,28.135,62.67
158.0,22.04,27.386,59.593
159.0,23.582,23.944,59.012
160.0,24.686,25.247,55.663
161.0,27.442,26.975,53.909
162.0,28.187,30.508,52.948
163.0,29.798,31.201,49.629
164.0,31.382,34.31,48.195
165.0,33.133,35.301,44.953
166.0,33.417,37.864,42.162
167.0,32.768,37.34,38.558
168.0,34.5,39.308,35.945
169.0,32.505,40.025,32.758
170.0,34.349,41.368,29.812
171.0,32.848,44.46,28.168
172.0,33.034,44.933,24.42
173.0,35.292,47.978,24.852
174.0,38.019,45.994,26.537
175.0,36.898,46.931,30.034
176.0,35.415,44.826,32.864
177.0,32.048,44.43,34.647
178.0,32.313,43.18,38.181
179.0,29.652,41.033,39.754
180.0,29.897,40.407,43.48
181.0,28.213,37.223,44.575
182.0,26.848,36.518,48.062
183.0,25.41,33.104,48.583
184.0,23.76,30.829,51.168
185.0,22.831,27.155,50.887
186.0,20.707,25.227,53.288
187.0,19.504,21.683,53.269
188.0,15.907,20.855,52.407
189.0,15.833,17.531,54.283
190.0,16.392,17.047,58.021
191.0,19.015,14.347,57.419
192.0,22.737,14.834,58.1
193.0,24.964,16.902,55.792
194.0,28.654,17.438,55.516
195.0,29.881,20.808,56.785
196.0,33.177,21.666,55.154
197.0,36.364,23.37,56.134
198.0,37.254,26.47,54.118
199.0,38.071,25.627,50.616
200.0,37.334,26.689,47.1
201.0,36.147,25.68,43.678
202.0,38.047,26.49,40.528
203.0,35.879,27.067,37.499
204.0,36.173,27.271,33.807
205.0,33.447,27.762,31.172
206.0,33.079,28.029,27.426
207.0,30.036,29.617,25.706
208.0,28.914,28.692,22.27
209.0,25.907,28.828,19.906
210.0,23.89,26.159,18.038
211.0,24.12,27.224,14.397
212.0,20.808,25.515,13.592
213.0,18.953,27.08,16.478
214.0,16.721,30.081,15.726
215.0,15.518,30.726,19.209
216.0,17.556,32.895,21.617
217.0,19.813,30.482,23.433
218.0,23.186,29.642,24.887
219.0,25.309,26.518,24.782
220.0,27.49,25.939,27.85
221.0,30.498,23.666,28.697
222.0,31.936,23.929,32.144
223.0,34.476,22.227,34.373
224.0,34.708,22.587,38.08
225.0,37.026,21.099,40.617
226.0,37.478,21.595,44.352
227.0,40.789,22.55,45.871
228.0,42.616,24.292,48.658
229.0,43.006,21.375,50.998
230.0,,,
231.0,,,
232.0,,,
233.0,,,
234.0,,,
235.0,,,
236.0,,,
